"","PC1","PC2","PC3","PC4","PC5"
"W1",-4.44089209850063e-16,-2,-5.55111512312578e-17,2.77555756156289e-17,-1.66533453693773e-16
"W2",-1.26491106406735,0.5,-0.631874030270689,1.32315350956322,5.55111512312578e-17
"W3",1.26491106406735,0.5,-1.40836668282956,-0.408048142620049,5.55111512312578e-17
"W4",-0.948683298050514,0.5,0.502458588177545,-1.61168711826044,8.32667268468867e-17
"W5",0.948683298050514,0.5,1.5377821249227,0.696581751317261,1.11022302462516e-16
